n,sequential,pairwise,blocked,bound_pairwise,bound_blocked
16,2.0538410459434727e-08,2.0538410459434727e-08,2.0538410459434727e-08,2.3841863594498136e-07,1.1861465281981509e-05
32,3.5901819451009811e-08,3.5901819451009811e-08,3.5901819451009811e-08,2.9802330914208142e-07,1.1861465281981509e-05
64,6.801418871196396e-09,1.0202128306794593e-07,6.801418871196396e-09,3.576280107608909e-07,1.1861465281981509e-05
128,1.4204172218579487e-07,2.0019303126856997e-08,1.4204172218579487e-07,4.1723268395799096e-07,1.1861465281981507e-05
256,2.6069256734488136e-07,4.0106548822289439e-09,1.3235161111355515e-07,4.7683738557680044e-07,1.1921070836251602e-05
512,4.8905977019162755e-08,4.8905977019162755e-08,4.8905977019162755e-08,5.3644208719560993e-07,1.1980677300016396e-05
1024,3.9003887589186165e-07,8.0673921884527658e-08,3.7004277559569669e-08,5.9604678881441941e-07,1.2040282854286488e-05
2048,2.5929888578381054e-07,2.364584913626495e-08,9.4180669187507834e-08,6.5565154727664776e-07,1.2099889318051282e-05
4096,1.5184625100140346e-06,1.16542203652523e-08,4.8618111220698992e-08,7.1525624889545725e-07,1.2159495781816076e-05
8192,1.2375000759059157e-06,7.125290909553814e-08,4.7724634995503127e-08,7.7486100735768559e-07,1.2219101336086169e-05
16384,3.1656688736834071e-07,1.7149261482615048e-08,1.7149261482615048e-08,8.3446570897649508e-07,1.2278707799850963e-05
32768,8.9288263024668273e-07,1.6743824293252101e-09,1.6743824293252101e-09,8.9407046743872343e-07,1.2338313354121055e-05
65536,1.2124732818702124e-06,9.8231593768007812e-08,2.0923394926375842e-08,9.5367522590095177e-07,1.239791981788585e-05
131072,3.1376311936993318e-07,1.5459567034196416e-08,1.5459567034196416e-08,1.0132799843631801e-06,1.2457526281650644e-05
262144,1.1920143360227751e-05,1.4435639607497254e-08,1.4435639607497254e-08,1.0728847428254085e-06,1.2517131835920736e-05
