N,h,f_rectangle,f_trapezoid,g_rectangle,g_trapezoid,forward,centered
3.200000000000000000e+01,9.375000000000000000e-02,2.870408071681740392e-02,2.481251655354066443e-04,1.158714294469120887e-05,1.158714294469120887e-05,1.433217251299424566e-01,1.366443594223842872e-02
6.400000000000000000e+01,4.687500000000000000e-02,1.441426458620131967e-02,6.183835497508560763e-05,7.241964343762674616e-07,7.241964343762674616e-07,7.205986499751990126e-02,3.500913155003837485e-03
1.280000000000000000e+02,2.343750000000000000e-02,7.222603888779821624e-03,1.544758180843652795e-05,4.526227748158362374e-08,4.526227748158362374e-08,3.605964457235391607e-02,8.802852239926384215e-04
2.560000000000000000e+02,1.171875000000000000e-02,3.615164589468811140e-03,3.861145825290179801e-06,2.828892675665883871e-09,2.828892675665883871e-09,1.803736617513723717e-02,2.203431765941399334e-04
5.120000000000000000e+02,5.859375000000000000e-03,1.808547628029844034e-03,9.652396172898924931e-07,1.768061252960251295e-10,1.768061252960251295e-10,9.019980849763908903e-03,5.509802193925938951e-05
1.024000000000000000e+03,2.929687500000000000e-03,9.045151268465279060e-04,2.413069769557907307e-07,1.105071589790895814e-11,1.105071589790895814e-11,4.510104478471943512e-03,1.377512948208536869e-05
2.048000000000000000e+03,1.464843750000000000e-03,4.523178903505509219e-04,6.032656119092649760e-08,6.910028105266974308e-13,6.910028105266974308e-13,2.255055856363624711e-03,3.443831751603898539e-06
4.096000000000000000e+03,7.324218750000000000e-04,2.261740268271195120e-04,1.508162889019004638e-08,4.440892098500626162e-14,4.618527782440651208e-14,1.127531594106945256e-03,8.609603628362272332e-07
8.192000000000000000e+03,3.662109375000000000e-04,1.130907838215455818e-04,3.770406487024757780e-09,3.552713678800500929e-15,3.552713678800500929e-15,5.637658864379169188e-04,2.152403241750810992e-07
1.638400000000000000e+04,1.831054687500000000e-04,5.654633451240842490e-05,9.426016633895528685e-10,1.776356839400250465e-15,1.776356839400250465e-15,2.818829842329562130e-04,5.381025891537660755e-08
3.276800000000000000e+04,9.155273437500000000e-05,2.827340290656454869e-05,2.356503325806613702e-10,1.776356839400250465e-15,1.776356839400250465e-15,1.409414964379518409e-04,1.345346362091603964e-08
